prop,cu_high,cu_low
0.001,1302.7456963716822,1231.3489612530784
0.002,1338.8467474993377,1257.9911520780522
0.003,1361.0415663191166,1274.3706917272257
0.004,1377.3346738544146,1286.3948313721428
0.005,1390.3131950308957,1295.9728416241735
0.006,1401.1543720626928,1303.9735146856624
0.007,1410.496826162271,1310.8681462024674
0.008,1418.7271432040468,1316.9420324281525
0.009000000000000001,1426.097719691064,1322.3814392909278
0.010000000000000002,1432.7827463996114,1327.3149177264834
0.011,1438.9076683998683,1331.8350448591227
0.012,1444.5659246078594,1336.0107776126329
0.013000000000000001,1449.8290470072784,1339.8949058283097
0.014000000000000002,1454.7530545878876,1343.5287709233264
0.015,1459.3826652215557,1346.9453742103433
0.016,1463.7541639230772,1350.17149364341
0.017,1467.8974121384213,1353.2291666512706
0.018000000000000002,1471.8372900100464,1356.1367545137891
0.019000000000000003,1475.5947538271841,1358.9097227489833
0.02,1479.1876259226544,1361.5612240484543
0.021,1482.6311945369407,1364.1025409706763
0.022000000000000002,1485.9386761293995,1366.5434271217407
0.023,1489.1215764232786,1368.892373602732
0.024,1492.189975754338,1371.1568195939649
0.025,1495.15275705133,1373.3433206021489
0.026000000000000002,1498.017789790737,1375.4576842170245
0.027000000000000003,1500.792079776388,1377.505080647122
0.028,1503.4818921108806,1379.4901334713602
0.029,1506.0928529338144,1381.4169947207781
0.030000000000000002,1508.6300341919768,1383.2894074380279
0.031,1511.0980247375505,1385.1107581470947
0.032,1513.5009903254063,1386.8841211306576
0.033,1515.842724532491,1388.6122960080568
0.034,1518.1266922040372,1390.297839798132
0.035,1520.356066709169,1391.9430944134624
0.036000000000000004,1522.5337620382936,1393.5502103478996
0.037000000000000005,1524.6624605788215,1395.1211671747533
0.038,1526.7446372513225,1396.6577913590168
0.039,1528.7825805655698,1398.161771796502
0.04,1530.7784110578955,1399.6346734204137
0.041,1532.734097492428,1401.0779491576875
0.042,1534.6514711449831,1402.4929504703507
0.043000000000000003,1536.5322384364815,1403.8809366788487
0.044000000000000004,1538.377992140318,1405.243083232965
0.045,1540.1902213532096,1406.5804890702002
0.046,1541.9703203902466,1407.8941831802247
0.047,1543.719596740943,1409.1851304763595
0.048,1545.4392782031816,1410.4542370603513
0.049,1547.130519295266,1411.7023549543987
0.05,1548.7944070322974,1412.9302863640567
0.051000000000000004,1550.4319661412858,1414.1387875269336
0.052000000000000005,1552.044163779415,1415.3285721947186
0.053000000000000005,1553.6319138113945,1416.5003147898242
0.054,1555.1960806946088,1417.6546532725831
0.055,1556.737483014587,1418.7921917503882
0.056,1558.2568967080279,1419.91350285625
0.057,1559.7550580060533,1421.019129920887
0.058,1561.2326661264399,1422.1095889595636
0.059000000000000004,1562.6903857401776,1423.185370492383
0.060000000000000005,1564.128849234764,1424.2469412145765
0.061,1565.5486587940804,1425.294745531428
0.062,1566.9503883124664,1426.329206970841
0.063,1568.3345851586616,1427.3507294851097
0.064,1569.7017718035797,1428.3596986521975
0.065,1571.0524473243825,1429.3564827857285
0.066,1572.3870887960043,1430.3414339619183
0.067,1573.7061525801269,1431.3148889708223
0.068,1575.0100755205704,1432.2771701985214
0.069,1576.2992760531674,1433.2285864461996
0.07,1577.5741552373916,1434.1694336914718
0.07100000000000001,1578.8350977162825,1435.0999957968004
0.07200000000000001,1580.0824726105986,1436.0205451693696
0.07300000000000001,1581.3166343525459,1436.9313433763684
0.074,1582.5379234639377,1437.8326417192645
0.075,1583.7466672831897,1438.7246817703185
0.076,1584.9431806451478,1439.6076958742901
0.077,1586.1277665173907,1440.481907618022
0.078,1587.3007165963188,1441.3475322703478
0.079,1588.462311866055,1442.2047771945543
0.08,1589.6128231229168,1443.0538422354364
0.081,1590.7525114679843,1443.8949200828076
0.082,1591.8816287700738,1444.7281966131688
0.083,1593.000418101232,1445.553851211099
0.084,1594.1091141466968,1446.3720570718015
0.085,1595.2079435911023,1447.1829814861194
0.08600000000000001,1596.2971254825711,1447.9867861092316
0.08700000000000001,1597.3768715762021,1448.7836272141433
0.08800000000000001,1598.4473866583378,1449.5736559309921
0.089,1599.5088688529008,1450.3570184731202
0.09,1600.5615099109746,1451.133856350783
0.091,1601.6054954847214,1451.9043065732967
0.092,1602.6410053866516,1452.6685018403768
0.093,1603.6682138351734,1453.4265707233512
0.094,1604.6872896872903,1454.1786378368881
0.095,1605.6983966592495,1454.9248240018323
0.096,1606.701693535883,1455.6652463996966
0.097,1607.6973343693344,1456.4000187193212
0.098,1608.6854686678143,1457.129251296171
0.099,1609.6662415749765,1457.8530512447148
0.1,1610.6397940404759,1458.5715225842955
0.101,1611.606262982224,1459.284766358872
0.10200000000000001,1612.5657814408237,1459.9928807509905
0.10300000000000001,1613.518478726632,1460.695961190316
0.10400000000000001,1614.464480559875,1461.3941004570345
0.10500000000000001,1615.4039092042003,1462.087388780415
0.106,1616.3368835940425,1462.7759139328016
0.107,1617.2635194561344,1463.4597613192896
0.108,1618.1839294254928,1464.1390140633205
0.109,1619.098223156176,1464.8137530884196
0.11,1620.0065074270922,1465.4840571962836
0.111,1620.908886243129,1466.1500031414103
0.112,1621.8054609318442,1466.8116657024566
0.113,1622.6963302359552,1467.4691177504956
0.114,1623.581590401844,1468.1224303143308
0.115,1624.461335264283,1468.771672643024
0.116,1625.3356563275722,1469.416912265773
0.117,1626.2046428432743,1470.058215049279
0.11800000000000001,1627.0683818847122,1470.6956452527265
0.11900000000000001,1627.926958418396,1471.3292655804937
0.12000000000000001,1628.780455372525,1471.9591372327077
0.121,1629.6289537027135,1472.5853199537487
0.122,1630.472532455071,1473.2078720788024
0.123,1631.3112688267636,1473.826850578555
0.124,1632.1452382241828,1474.4423111021188
0.125,1632.9745143188256,1475.0543080182733
0.126,1633.7991691010025,1475.6628944551003
0.127,1634.6192729314685,1476.2681223380864
0.128,1635.4348945910738,1476.870042426766
0.129,1636.2461013285304,1477.4687043499716
0.13,1637.0529589063706,1478.0641566397505
0.131,1637.8555316451898,1478.656446764017
0.132,1638.6538824662412,1479.2456211579845
0.133,1639.4480729324628,1479.831725254445
0.134,1640.2381632880001,1480.4148035129356
0.135,1641.024212496295,1480.994899447848
0.136,1641.8062782768006,1481.5720556555227
0.137,1642.5844171403817,1482.1463138403758
0.138,1643.358684423458,1482.717714840095
0.139,1644.1291343209427,1483.286298649948
0.14,1644.8958199180274,1483.852104446241
0.14100000000000001,1645.6587932208622,1484.4151706089574
0.14200000000000002,1646.418105186177,1484.9755347436212
0.14300000000000002,1647.1738057498865,1485.533233702405
0.14400000000000002,1647.9259438547226,1486.0883036045227
0.14500000000000002,1648.6745674769322,1486.6407798559335
0.146,1649.419723652079,1487.1906971683813
0.147,1650.1614584999845,1487.7380895778033
0.148,1650.899817248845,1488.282990462126
0.149,1651.6348442585536,1488.825432558477
0.15,1652.3665830432606,1489.3654479798358
0.151,1653.095076293203,1489.9030682311422
0.152,1653.8203658958305,1490.438324224887
0.153,1654.542492956253,1490.9712462962036
0.154,1655.26149781704,1491.5018642174778
0.155,1655.9774200773932,1492.0302072124982
0.156,1656.690298611717,1492.5563039701613
0.157,1657.4001715876107,1493.0801826577479
0.158,1658.1070764833016,1493.6018709337905
0.159,1658.8110501045428,1494.1213959605418
0.16,1659.5121286009917,1494.6387844160645
0.161,1660.2103474820924,1495.154062505949
0.162,1660.9057416324779,1495.6672559746828
0.163,1661.5983453269073,1496.178390116673
0.164,1662.288192244761,1496.6874897869425
0.165,1662.9753154841012,1497.194579411509
0.166,1663.6597475753233,1497.699682997457
0.167,1664.3415204944015,1498.202824142715
0.168,1665.020665675752,1498.7040260455465
0.169,1665.6972140247237,1499.20331151377
0.17,1666.3711959297273,1499.7007029737078
0.171,1667.0426412740187,1500.1962224788851
0.17200000000000001,1667.7115794471474,1500.6898917184756
0.17300000000000001,1668.37803935608,1501.1817320255122
0.17400000000000002,1669.0420494360117,1501.6717643848665
0.17500000000000002,1669.7036376608755,1502.1600094410019
0.17600000000000002,1670.3628315535586,1502.6464875055165
0.177,1671.0196581958378,1503.1312185644722
0.178,1671.67414423804,1503.6142222855267
0.179,1672.3263159084408,1504.0955180248675
0.18,1672.9761990224056,1504.5751248339589
0.181,1673.6238189912858,1505.0530614661072
0.182,1674.269200831074,1505.5293463828484
0.183,1674.9123691708292,1506.0039977601657
0.184,1675.5533482608778,1506.477033494541
0.185,1676.1921619807977,1506.9484712088486
0.186,1676.8288338471928,1507.418328258091
0.187,1677.4633870212638,1507.8866217349873
0.188,1678.095844316182,1508.3533684754154
0.189,1678.7262282042739,1508.8185850637121
0.19,1679.3545608240188,1509.2822878378392
0.191,1679.9808639868686,1509.744492894416
0.192,1680.6051591838946,1510.2052160936232
0.193,1681.227467592264,1510.664473063985
0.194,1681.847810081555,1511.1222792070275
0.195,1682.4662072199137,1511.578649701823
0.196,1683.0826792800556,1512.03359950942
0.197,1683.6972462451208,1512.487143377162
0.198,1684.3099278143834,1512.9392958429037
0.199,1684.9207434088198,1513.3900712391187
0.2,1685.5297121765439,1513.8394836969105
0.201,1686.1368529981064,1514.2875471499249
0.202,1686.7421844916703,1514.734275338167
0.203,1687.3457250180577,1515.179681811728
0.20400000000000001,1687.947492685678,1515.6237799344212
0.20500000000000002,1688.54750535534,1516.0665828873327
0.20600000000000002,1689.1457806449464,1516.508103672287
0.20700000000000002,1689.742335934081,1516.9483551152318
0.20800000000000002,1690.3371883684858,1517.3873498695418
0.20900000000000002,1690.930354864436,1517.8251004192473
0.21,1691.5218521130096,1518.2616190821866
0.211,1692.1116965842634,1518.6969180130857
0.212,1692.6999045313082,1519.131009206567
0.213,1693.2864919942922,1519.5639045000887
0.214,1693.8714748042953,1519.9956155768195
0.215,1694.4548685871328,1520.4261539684442
0.216,1695.036688767074,1520.855531057909
0.217,1695.6169505704775,1521.2837580821044
0.218,1696.1956690293448,1521.7108461344872
0.219,1696.7728589847948,1522.1368061676446
0.22,1697.3485350904612,1522.5616489958024
0.221,1697.9227118158162,1522.9853852972767
0.222,1698.4954034494185,1523.4080256168713
0.223,1699.066624102093,1523.8295803682252
0.224,1699.6363877100412,1524.2500598361053
0.225,1700.2047080378804,1524.6694741786537
0.226,1700.7715986816233,1525.087833429582
0.227,1701.3370730715894,1525.505147500323
0.228,1701.901144475255,1525.9214261821328
0.229,1702.4638260000434,1526.33667914815
0.23,1703.0251305960562,1526.7509159554118
0.231,1703.5850710587458,1527.164146046825
0.232,1704.143660031532,1527.576378753099
0.233,1704.7009100083656,1527.9876232946367
0.234,1705.2568333362362,1528.3978887833841
0.23500000000000001,1705.8114422176307,1528.8071842246466
0.23600000000000002,1706.364748712938,1529.2155185188628
0.23700000000000002,1706.9167647428073,1529.6229004633449
0.23800000000000002,1707.467502090457,1530.0293387539816
0.23900000000000002,1708.016972403935,1530.434841986909
0.24000000000000002,1708.5651871983368,1530.8394186601445
0.241,1709.1121578579757,1531.2430771751897
0.242,1709.6578956385104,1531.6458258386008
0.243,1710.2024116690295,1532.0476728635267
0.244,1710.7457169540974,1532.4486263712186
0.245,1711.2878223757539,1532.8486943925059
0.246,1711.8287386954812,1533.2478848692472
0.247,1712.368476556126,1533.6462056557505
0.248,1712.907046483788,1534.0436645201648
0.249,1713.4444588896697,1534.4402691458467
0.25,1713.9807240718912,1534.8360271326992
0.251,1714.5158522172694,1535.230945998484
0.252,1715.0498534030623,1535.6250331801107
0.253,1715.5827375986821,1536.0182960348989
0.254,1716.1145146673723,1536.4107418418173
0.255,1716.645194367856,1536.802377802699
0.256,1717.1747863559508,1537.193211043435
0.257,1717.7033001861544,1537.5832486151426
0.258,1718.2307453131996,1537.9724974953137
0.259,1718.7571310935816,1538.3609645889424
0.26,1719.282466787055,1538.748656729628
0.261,1719.8067615581042,1539.135580680663
0.262,1720.3300244773861,1539.5217431360952
0.263,1720.852264523147,1539.9071507217748
0.264,1721.373490582612,1540.2918099963792
0.265,1721.8937114533514,1540.6757274524211
0.266,1722.4129358446196,1541.058909517238
0.267,1722.9311723786714,1541.4413625539612
0.268,1723.4484295920536,1541.823092862472
0.269,1723.9647159368758,1542.204106680337
0.27,1724.4800397820538,1542.5844101837265
0.271,1724.9944094145358,1542.96400948832
0.272,1725.5078330405033,1543.3429106501922
0.273,1726.0203187865532,1543.721119666685
0.274,1726.5318747008566,1544.0986424772623
0.275,1727.0425087542997,1544.4754849643539
0.276,1727.5522288416032,1544.851652954179
0.277,1728.0610427824226,1545.22715221756
0.278,1728.56895832243,1545.6019884707205
0.279,1729.0759831343757,1545.9761673760684
0.28,1729.5821248191337,1546.3496945429674
0.281,1730.0873909067273,1546.7225755284949
0.28200000000000003,1730.5917888573379,1547.094815838185
0.28300000000000003,1731.0953260622978,1547.466420926762
0.28400000000000003,1731.5980098450639,1547.837396198859
0.28500000000000003,1732.099847462177,1548.207747009726
0.28600000000000003,1732.6008461042034,1548.5774786659242
0.28700000000000003,1733.1010128966623,1548.9465964260105
0.28800000000000003,1733.6003549009363,1549.3151055012104
0.28900000000000003,1734.098879115168,1549.6830110560784
0.29,1734.5965924751408,1550.0503182091484
0.291,1735.0935018551456,1550.4170320335738
0.292,1735.5896140688326,1550.7831575577563
0.293,1736.0849358700511,1551.1486997659642
0.294,1736.5794739536736,1551.5136635989422
0.295,1737.0732349564064,1551.8780539545091
0.296,1737.5662254575893,1552.241875688147
0.297,1738.0584519799806,1552.6051336135822
0.298,1738.5499209905292,1552.967832503354
0.299,1739.0406389011362,1553.329977089377
0.3,1739.530612069402,1553.6915720634927
0.301,1740.0198467993641,1554.0526220780137
0.302,1740.5083493422214,1554.4131317462575
0.303,1740.9961258970477,1554.773105643075
0.304,1741.4831826114935,1555.1325483053668
0.305,1741.9695255824784,1555.491464232594
0.306,1742.4551608568706,1555.8498578872814
0.307,1742.9400944321578,1556.2077336955108
0.308,1743.4243322571062,1556.565096047408
0.309,1743.90788023241,1556.9219492976229
0.31,1744.390744211332,1557.2782977658005
0.311,1744.8729300003324,1557.634145737047
0.312,1745.3544433596892,1557.9894974623858
0.313,1745.8352900041095,1558.34435715921
0.314,1746.3154756033312,1558.6987290117256
0.315,1746.795005782715,1559.0526171713889
0.316,1747.2738861238288,1559.4060257573376
0.317,1747.7521221650227,1559.7589588568146
0.318,1748.2297194019948,1560.111420525587
0.319,1748.7066832883506,1560.4634147883576
0.32,1749.1830192361524,1560.81494563917
0.321,1749.6587326164604,1561.1660170418097
0.322,1750.133828759868,1561.516632930198
0.323,1750.608312957027,1561.8667972087794
0.324,1751.082190459167,1562.2165137529053
0.325,1751.5554664786055,1562.5657864092104
0.326,1752.0281461892523,1562.9146189959852
0.327,1752.5002347271065,1563.263015303542
0.328,1752.971737190745,1563.6109790945761
0.329,1753.4426586418049,1563.9585141045222
0.33,1753.9130041054607,1564.305624041905
0.331,1754.3827785708913,1564.6523125886858
0.332,1754.8519869917438,1564.9985834006031
0.333,1755.320634286589,1565.3444401075096
0.334,1755.788725339371,1565.6898863137042
0.335,1756.2562649998506,1566.0349255982583
0.336,1756.723258084042,1566.3795615153392
0.337,1757.1897093746454,1566.7237975945288
0.338,1757.6556236214706,1567.0676373411363
0.339,1758.1210055418583,1567.4110842365085
0.34,1758.5858598210928,1567.754141738335
0.341,1759.05019111281,1568.0968132809498
0.342,1759.5140040394012,1568.4391022756288
0.343,1759.9773031924103,1568.7810121108819
0.34400000000000003,1760.4400931329253,1569.1225461527436
0.34500000000000003,1760.9023783919654,1569.4637077450573
0.34600000000000003,1761.3641634708624,1569.8045002097588
0.34700000000000003,1761.825452841639,1570.1449268471522
0.34800000000000003,1762.286250947378,1570.4849909361858
0.34900000000000003,1762.7465622025916,1570.8246957347226
0.35000000000000003,1763.2063909935823,1571.164044479807
0.35100000000000003,1763.665741678801,1571.5030403879289
0.35200000000000004,1764.1246185891991,1571.8416866552848
0.353,1764.5830260285777,1572.1799864580335
0.354,1765.0409682739312,1572.5179429525517
0.355,1765.4984495757867,1572.855559275683
0.356,1765.9554741585391,1573.1928385449855
0.357,1766.4120462207832,1573.529783858978
0.358,1766.8681699356391,1573.8663982973778
0.359,1767.3238494510758,1574.2026849213428
0.36,1767.7790888902305,1574.5386467737032
0.361,1768.2338923517223,1574.874286879197
0.362,1768.688263909964,1575.2096082446972
0.363,1769.142207615469,1575.5446138594396
0.364,1769.5957274951556,1575.8793066952464
0.365,1770.048827552645,1576.213689706748
0.366,1770.5015117685593,1576.547765831601
0.367,1770.9537841008134,1576.881537990704
0.368,1771.4056484849036,1577.2150090884118
0.369,1771.8571088341942,1577.548182012745
0.37,1772.3081690401996,1577.8810596356002
0.371,1772.7588329728626,1578.2136448129538
0.372,1773.2091044808317,1578.5459403850673
0.373,1773.6589873917317,1578.877949176687
0.374,1774.1084855124348,1579.209673997244
0.375,1774.5576026293259,1579.5411176410498
0.376,1775.006342508566,1579.8722828874913
0.377,1775.4547088963527,1580.2031725012225
0.378,1775.902705519178,1580.5337892323546
0.379,1776.3503360840814,1580.864135816643
0.38,1776.7976042789026,1581.1942149756744
0.381,1777.24451377253,1581.5240294170494
0.382,1777.6910682151463,1581.8535818345636
0.383,1778.1372712384725,1582.1828749083886
0.384,1778.5831264560084,1582.5119113052485
0.385,1779.0286374632701,1582.8406936785962
0.386,1779.473807838026,1583.1692246687862
0.387,1779.9186411405299,1583.4975069032482
0.388,1780.3631409137506,1583.8255429966553
0.389,1780.8073106836016,1584.153335551094
0.39,1781.2511539591644,1584.4808871562288
0.391,1781.6946742329137,1584.8082003894694
0.392,1782.137874980938,1585.1352778161315
0.393,1782.580759663157,1585.4621219895994
0.394,1783.0233317235395,1585.788735451485
0.395,1783.4655945903173,1586.1151207317869
0.396,1783.9075516761961,1586.4412803490457
0.397,1784.349206378567,1586.7672168104996
0.398,1784.7905620797135,1587.0929326122375
0.399,1785.2316221470169,1587.4184302393517
0.4,1785.6723899331607,1587.7437121660862
0.401,1786.1128687763323,1588.0687808559878
0.402,1786.5530620004222,1588.3936387620524
0.403,1786.992972915222,1588.718288326871
0.404,1787.4326048166213,1589.0427319827747
0.405,1787.8719609868,1589.3669721519777
0.406,1788.3110446944222,1589.6910112467187
0.40700000000000003,1788.749859194826,1590.014851669403
0.40800000000000003,1789.1884077302122,1590.33849581274
0.40900000000000003,1789.6266935298308,1590.6619460598815
0.41000000000000003,1790.0647198101678,1590.9852047845602
0.41100000000000003,1790.5024897751266,1591.308274351223
0.41200000000000003,1790.9400066162116,1591.6311571151655
0.41300000000000003,1791.3772735127084,1591.9538554226667
0.41400000000000003,1791.8142936318613,1592.2763716111194
0.41500000000000004,1792.2510701290519,1592.598708009161
0.41600000000000004,1792.6876061479736,1592.9208669368047
0.41700000000000004,1793.123904820807,1593.2428507055654
0.418,1793.5599692683907,1593.5646616185893
0.419,1793.9958026003942,1593.8863019707792
0.42,1794.4314079154872,1594.20777404892
0.421,1794.8667883015073,1594.5290801318035
0.422,1795.3019468356276,1594.8502224903502
0.423,1795.7368865845222,1595.171203387733
0.424,1796.17161060453,1595.4920250794974
0.425,1796.6061219418193,1595.812689813683
0.426,1797.0404236325467,1596.1331998309413
0.427,1797.4745187030203,1596.4535573646554
0.428,1797.9084101698575,1596.7737646410565
0.429,1798.3421010401435,1597.0938238793415
0.43,1798.7755943115872,1597.4137372917878
0.431,1799.208892972678,1597.7335070838687
0.432,1799.6420000028404,1598.0531354543673
0.433,1800.074918372586,1598.37262459549
0.434,1800.5076510436666,1598.6919766929777
0.435,1800.9402009692262,1599.0111939262194
0.436,1801.3725710939495,1599.330278468361
0.437,1801.8047643542127,1599.6492324864166
0.438,1802.2367836782296,1599.968058141377
0.439,1802.668631986201,1600.2867575883192
0.44,1803.100312190459,1600.6053329765132
0.441,1803.531827195613,1600.9237864495299
0.442,1803.9631798986934,1601.2421201453467
0.443,1804.3943731892957,1601.5603361964543
0.444,1804.8254099497224,1601.878436729961
0.445,1805.2562930551242,1602.1964238676978
0.446,1805.687025373641,1602.5142997263213
0.447,1806.117609766542,1602.8320664174173
0.448,1806.5480490883647,1603.1497260476042
0.449,1806.9783461870518,1603.4672807186334
0.45,1807.4085039040904,1603.7847325274922
0.451,1807.8385250746478,1604.1020835665038
0.452,1808.2684125277071,1604.4193359234275
0.453,1808.698169086203,1604.7364916815588
0.454,1809.1277975671555,1605.053552919829
0.455,1809.5573007818043,1605.3705217129022
0.456,1809.9866815357414,1605.6874001312758
0.457,1810.4159426290435,1606.0041902413768
0.458,1810.8450868564037,1606.3208941056587
0.459,1811.2741170072632,1606.6375137826992
0.46,1811.7030358659406,1606.9540513272964
0.461,1812.1318462117633,1607.2705087905633
0.462,1812.5605508191952,1607.5868882200252
0.463,1812.9891524579662,1607.9031916597135
0.464,1813.4176538932006,1608.21942115026
0.465,1813.846057885544,1608.5355787289916
0.466,1814.274367191291,1608.851666430025
0.467,1814.702584562512,1609.167686284358
0.468,1815.1307127471778,1609.4836403199645
0.46900000000000003,1815.5587544892874,1609.799530561886
0.47000000000000003,1815.9867125289916,1610.115359032325
0.47100000000000003,1816.4145896027178,1610.4311277507352
0.47200000000000003,1816.8423884432955,1610.746838733916
0.47300000000000003,1817.2701117800784,1611.0624939961015
0.47400000000000003,1817.6977623390696,1611.3780955490524
0.47500000000000003,1818.1253428430434,1611.6936454021472
0.47600000000000003,1818.5528560116682,1612.0091455624727
0.47700000000000004,1818.9803045616297,1612.3245980349136
0.47800000000000004,1819.4076912067521,1612.640004822243
0.47900000000000004,1819.8350186581197,1612.9553679252128
0.48000000000000004,1820.2622896241987,1613.2706893426418
0.481,1820.6895068109584,1613.5859710715065
0.482,1821.116672921991,1613.9012151070294
0.483,1821.5437906586335,1614.2164234427678
0.484,1821.9708627200866,1614.5315980707037
0.485,1822.3978918035357,1614.8467409813306
0.486,1822.8248806042698,1615.1618541637436
0.487,1823.2518318158018,1615.476939605726
0.488,1823.6787481299875,1615.791999293839
0.489,1824.1056322371448,1616.1070352135084
0.49,1824.5324868261725,1616.4220493491127
0.491,1824.9593145846693,1616.7370436840715
0.492,1825.3861181990526,1617.052020200932
0.493,1825.8129003546767,1617.366980881457
0.494,1826.2396637359516,1617.6819277067123
0.495,1826.6664110264608,1617.996862657154
0.496,1827.09314490908,1618.311787712716
0.497,1827.5198680660947,1618.6267048528962
0.498,1827.9465831793188,1618.9416160568449
0.499,1828.3732929302125,1619.2565233034506
0.5,1828.8,1619.5714285714287
0.501,1829.2267070697874,1619.8863338394067
0.502,1829.653416820681,1620.2012410860125
0.503,1830.0801319339052,1620.5161522899612
0.504,1830.50685509092,1620.8310694301413
0.505,1830.9335889735391,1621.1459944857033
0.506,1831.3603362640483,1621.460929436145
0.507,1831.7870996453232,1621.7758762614003
0.508,1832.2138818009473,1622.0908369419253
0.509,1832.6406854153306,1622.4058134587858
0.51,1833.0675131738274,1622.7208077937446
0.511,1833.494367762855,1623.035821929349
0.512,1833.9212518700124,1623.3508578490184
0.513,1834.3481681841981,1623.6659175371312
0.514,1834.7751193957301,1623.9810029791138
0.515,1835.2021081964642,1624.2961161615267
0.516,1835.6291372799133,1624.6112590721536
0.517,1836.0562093413664,1624.9264337000895
0.518,1836.4833270780089,1625.241642035828
0.519,1836.9104931890415,1625.5568860713508
0.52,1837.3377103758012,1625.8721678002155
0.521,1837.7649813418802,1626.1874892176445
0.522,1838.192308793248,1626.5028523206142
0.523,1838.6196954383702,1626.8182591079437
0.524,1839.0471439883318,1627.1337115803847
0.525,1839.4746571569567,1627.44921174071
0.526,1839.9022376609303,1627.764761593805
0.527,1840.3298882199215,1628.0803631467559
0.528,1840.7576115567044,1628.3960184089412
0.529,1841.185410397282,1628.7117293921222
0.53,1841.6132874710083,1629.0274981105324
0.531,1842.0412455107125,1629.3433265809713
0.532,1842.4692872528221,1629.6592168228929
0.533,1842.897415437488,1629.9751708584993
0.534,1843.3256328087089,1630.2911907128323
0.535,1843.7539421144559,1630.6072784138657
0.536,1844.1823461067993,1630.9234359925977
0.537,1844.6108475420338,1631.2396654831439
0.538,1845.0394491808047,1631.555968922832
0.539,1845.4681537882366,1631.872348352294
0.54,1845.8969641340593,1632.188805815561
0.541,1846.3258829927368,1632.5053433601581
0.542,1846.7549131435962,1632.8219630371987
0.543,1847.1840573709567,1633.1386669014805
0.544,1847.6133184642586,1633.4554570115815
0.545,1848.0426992181956,1633.772335429955
0.546,1848.4722024328444,1634.0893042230286
0.547,1848.9018309137969,1634.4063654612985
0.548,1849.3315874722928,1634.7235212194298
0.549,1849.761474925352,1635.0407735763536
0.55,1850.1914960959095,1635.3581246153651
0.551,1850.6216538129484,1635.675576424224
0.552,1851.0519509116355,1635.9931310952531
0.553,1851.4823902334579,1636.31079072544
0.554,1851.9129746263588,1636.628557416536
0.555,1852.3437069448757,1636.9464332751595
0.556,1852.7745900502775,1637.2644204128962
0.557,1853.2056268107042,1637.582520946403
0.558,1853.6368201013065,1637.9007369975106
0.559,1854.0681728043871,1638.2190706933275
0.56,1854.499687809541,1638.5375241663442
0.561,1854.9313680137989,1638.856099554538
0.562,1855.3632163217703,1639.1747990014803
0.5630000000000001,1855.7952356457872,1639.4936246564407
0.5640000000000001,1856.2274289060504,1639.8125786744963
0.5650000000000001,1856.6597990307737,1640.131663216638
0.5660000000000001,1857.0923489563334,1640.4508804498796
0.5670000000000001,1857.525081627414,1640.7702325473674
0.5680000000000001,1857.9579999971595,1641.08972168849
0.5690000000000001,1858.3911070273218,1641.4093500589888
0.5700000000000001,1858.824405688413,1641.7291198510695
0.5710000000000001,1859.2578989598567,1642.0490332635159
0.5720000000000001,1859.6915898301424,1642.3690925018009
0.5730000000000001,1860.1254812969796,1642.689299778202
0.5740000000000001,1860.5595763674532,1643.009657311916
0.5750000000000001,1860.9938780581808,1643.3301673291744
0.5760000000000001,1861.4283893954698,1643.65083206336
0.5770000000000001,1861.8631134154778,1643.9716537551244
0.578,1862.2980531643723,1644.292634652507
0.579,1862.7332116984926,1644.6137770110538
0.58,1863.1685920845127,1644.9350830939372
0.581,1863.6041973996057,1645.2565551720782
0.582,1864.0400307316092,1645.578195524268
0.583,1864.476095179193,1645.900006437292
0.584,1864.9123938520263,1646.2219902060526
0.585,1865.348929870948,1646.5441491336962
0.586,1865.7857063681386,1646.866485531738
0.587,1866.2227264872915,1647.1890017201906
0.588,1866.6599933837883,1647.5117000276919
0.589,1867.0975102248733,1647.8345827916344
0.59,1867.535280189832,1648.1576523582971
0.591,1867.973306470169,1648.4809110829758
0.592,1868.4115922697877,1648.8043613301174
0.593,1868.8501408051739,1649.1280054734543
0.594,1869.2889553055777,1649.4518458961386
0.595,1869.7280390131998,1649.7758849908796
0.596,1870.1673951833786,1650.1001251600826
0.597,1870.6070270847779,1650.4245688159863
0.598,1871.0469379995777,1650.749218380805
0.599,1871.4871312236676,1651.0740762868695
0.6,1871.9276100668392,1651.3991449767711
0.601,1872.368377852983,1651.7244269035057
0.602,1872.8094379202864,1652.0499245306198
0.603,1873.2507936214329,1652.3756403323578
0.604,1873.6924483238038,1652.7015767938117
0.605,1874.1344054096826,1653.0277364110705
0.606,1874.5766682764604,1653.3541216913723
0.607,1875.0192403368428,1653.680735153258
0.608,1875.462125019062,1654.0075793267258
0.609,1875.9053257670862,1654.334656753388
0.61,1876.3488460408355,1654.6619699866285
0.611,1876.7926893163983,1654.9895215917634
0.612,1877.2368590862493,1655.317314146202
0.613,1877.68135885947,1655.6453502396091
0.614,1878.126192161974,1655.973632474071
0.615,1878.5713625367298,1656.3021634642612
0.616,1879.0168735439916,1656.6309458376088
0.617,1879.4627287615274,1656.9599822344687
0.618,1879.9089317848536,1657.2892753082938
0.619,1880.35548622747,1657.618827725808
0.62,1880.8023957210974,1657.948642167183
0.621,1881.2496639159185,1658.2787213262143
0.622,1881.697294480822,1658.6090679105027
0.623,1882.1452911036472,1658.9396846416348
0.624,1882.593657491434,1659.270574255366
0.625,1883.042397370674,1659.6017395018075
0.626,1883.4915144875652,1659.9331831456134
0.627,1883.9410126082682,1660.2649079661703
0.628,1884.3908955191682,1660.59691675779
0.629,1884.8411670271373,1660.9292123299035
0.63,1885.2918309598003,1661.2617975072571
0.631,1885.7428911658058,1661.5946751301124
0.632,1886.1943515150963,1661.9278480544456
0.633,1886.6462158991865,1662.2613191521534
0.634,1887.0984882314406,1662.5950913112563
0.635,1887.551172447355,1662.9291674361093
0.636,1888.0042725048443,1663.263550447611
0.637,1888.4577923845309,1663.5982432834178
0.638,1888.911736090036,1663.9332488981602
0.639,1889.3661076482776,1664.2685702636604
0.64,1889.8209111097694,1664.604210369154
0.641,1890.276150548924,1664.9401722215146
0.642,1890.7318300643608,1665.2764588454795
0.643,1891.1879537792167,1665.6130732838794
0.644,1891.6445258414608,1665.9500185978718
0.645,1892.1015504242132,1666.2872978671744
0.646,1892.5590317260687,1666.6249141903056
0.647,1893.0169739714222,1666.9628706848239
0.648,1893.4753814108008,1667.3011704875728
0.649,1893.934258321199,1667.6398167549285
0.65,1894.3936090064176,1667.9788126630503
0.651,1894.8534377974083,1668.3181614081348
0.652,1895.313749052622,1668.6578662066715
0.653,1895.774547158361,1668.9979302957051
0.654,1896.2358365291375,1669.3383569330986
0.655,1896.6976216080345,1669.6791493978
0.656,1897.1599068670746,1670.020310990114
0.657,1897.6226968075896,1670.3618450319755
0.658,1898.0859959605987,1670.7037548672286
0.659,1898.54980888719,1671.0460438619075
0.66,1899.0141401789074,1671.3887154045224
0.661,1899.4789944581416,1671.7317729063489
0.662,1899.9443763785293,1672.075219801721
0.663,1900.4102906253547,1672.4190595483285
0.664,1900.8767419159578,1672.7632956275181
0.665,1901.3437350001493,1673.1079315445993
0.666,1901.811274660629,1673.4529708291532
0.667,1902.279365713411,1673.7984170353477
0.668,1902.748013008256,1674.1442737422542
0.669,1903.2172214291086,1674.4905445541715
0.67,1903.6869958945392,1674.8372331009523
0.671,1904.157341358195,1675.184343038335
0.672,1904.628262809255,1675.5318780482812
0.673,1905.0997652728934,1675.8798418393153
0.674,1905.5718538107476,1676.2282381468722
0.675,1906.0445335213947,1676.577070733647
0.676,1906.517809540833,1676.926343389952
0.677,1906.991687042973,1677.276059934078
0.678,1907.4661712401319,1677.6262242126593
0.679,1907.9412673835395,1677.9768401010476
0.68,1908.4169807638475,1678.3279115036876
0.681,1908.8933167116493,1678.6794423545
0.682,1909.3702805980051,1679.0314366172704
0.683,1909.8478778349775,1679.3838982860427
0.684,1910.3261138761711,1679.73683138552
0.685,1910.804994217285,1680.0902399714685
0.686,1911.2845243966688,1680.4441281311317
0.687,1911.7647099958904,1680.7984999836474
0.6880000000000001,1912.2455566403107,1681.1533596804716
0.6890000000000001,1912.7270699996675,1681.5087114058103
0.6900000000000001,1913.2092557886679,1681.8645593770568
0.6910000000000001,1913.69211976759,1682.2209078452345
0.6920000000000001,1914.175667742894,1682.5777610954494
0.6930000000000001,1914.659905567842,1682.9351234473465
0.6940000000000001,1915.1448391431293,1683.292999255576
0.6950000000000001,1915.6304744175216,1683.6513929102634
0.6960000000000001,1916.1168173885064,1684.0103088374908
0.6970000000000001,1916.6038741029522,1684.3697514997823
0.6980000000000001,1917.0916506577785,1684.7297253965999
0.6990000000000001,1917.5801532006358,1685.090235064844
0.7000000000000001,1918.0693879305982,1685.4512850793647
0.7010000000000001,1918.5593610988637,1685.8128800534803
0.7020000000000001,1919.0500790094707,1686.1750246395034
0.7030000000000001,1919.5415480200193,1686.5377235292751
0.7040000000000001,1920.0337745424106,1686.9009814547103
0.705,1920.5267650435935,1687.2648031883482
0.706,1921.0205260463263,1687.6291935439149
0.707,1921.5150641299488,1687.9941573768929
0.708,1922.0103859311673,1688.359699585101
0.709,1922.5064981448543,1688.7258251092835
0.71,1923.003407524859,1689.092538933709
0.711,1923.5011208848318,1689.459846086779
0.712,1923.9996450990636,1689.827751641647
0.713,1924.4989871033376,1690.1962607168468
0.714,1924.9991538957966,1690.5653784769331
0.715,1925.500152537823,1690.9351101331313
0.716,1926.001990154936,1691.3054609439982
0.717,1926.5046739377021,1691.6764362160952
0.718,1927.008211142662,1692.0480413046723
0.719,1927.5126090932727,1692.4202816143625
0.72,1928.0178751808662,1692.79316259989
0.721,1928.5240168656242,1693.166689766789
0.722,1929.0310416775699,1693.5408686721369
0.723,1929.5389572175773,1693.9157049252974
0.724,1930.0477711583967,1694.2912041886784
0.725,1930.5574912457002,1694.6673721785035
0.726,1931.0681252991433,1695.044214665595
0.727,1931.5796812134467,1695.4217374761724
0.728,1932.0921669594966,1695.7999464926652
0.729,1932.6055905854641,1696.1788476545373
0.73,1933.119960217946,1696.5584469591308
0.731,1933.6352840631241,1696.9387504625204
0.732,1934.1515704079463,1697.3197642803852
0.733,1934.6688276213285,1697.7014945888961
0.734,1935.1870641553803,1698.0839476256194
0.735,1935.7062885466485,1698.4671296904362
0.736,1936.226509417388,1698.851047146478
0.737,1936.747735476853,1699.2357064210826
0.738,1937.2699755226138,1699.6211140067621
0.739,1937.7932384418957,1700.0072764621943
0.74,1938.317533212945,1700.3942004132293
0.741,1938.8428689064183,1700.781892553915
0.742,1939.3692546868003,1701.1703596475436
0.743,1939.8966998138455,1701.5596085277148
0.744,1940.425213644049,1701.9496460994224
0.745,1940.954805632144,1702.3404793401583
0.746,1941.4854853326276,1702.73211530104
0.747,1942.0172624013178,1703.1245611079585
0.748,1942.5501465969376,1703.5178239627467
0.749,1943.0841477827305,1703.9119111443733
0.75,1943.6192759281087,1704.3068300101581
0.751,1944.1555411103302,1704.7025879970106
0.752,1944.692953516212,1705.0991926226925
0.753,1945.2315234438738,1705.4966514871069
0.754,1945.7712613045187,1705.8949722736102
0.755,1946.312177624246,1706.2941627503515
0.756,1946.8542830459025,1706.6942307716388
0.757,1947.3975883309704,1707.0951842793306
0.758,1947.9421043614896,1707.4970313042566
0.759,1948.4878421420242,1707.8997799676677
0.76,1949.034812801663,1708.3034384827129
0.761,1949.583027596065,1708.7080151559483
0.762,1950.132497909543,1709.1135183888757
0.763,1950.6832352571926,1709.5199566795125
0.764,1951.2352512870618,1709.9273386239945
0.765,1951.7885577823693,1710.3356729182108
0.766,1952.3431666637637,1710.7449683594732
0.767,1952.8990899916344,1711.1552338482206
0.768,1953.456339968468,1711.5664783897582
0.769,1954.014928941254,1711.9787110960324
0.77,1954.5748694039437,1712.3919411874456
0.771,1955.1361739999566,1712.8061779947072
0.772,1955.6988555247449,1713.2214309607245
0.773,1956.2629269284105,1713.6377096425344
0.774,1956.8284013183766,1714.0550237132754
0.775,1957.3952919621195,1714.4733829642037
0.776,1957.9636122899587,1714.892797306752
0.777,1958.5333758979068,1715.3132767746322
0.778,1959.1045965505814,1715.734831525986
0.779,1959.6772881841837,1716.1574718455806
0.78,1960.2514649095388,1716.581208147055
0.781,1960.8271410152051,1717.0060509752127
0.782,1961.404330970655,1717.4320110083702
0.783,1961.9830494295225,1717.859099060753
0.784,1962.5633112329258,1718.2873260849483
0.785,1963.1451314128672,1718.7167031744132
0.786,1963.7285251957046,1719.1472415660378
0.787,1964.3135080057077,1719.5789526427686
0.788,1964.9000954686917,1720.0118479362905
0.789,1965.4883034157365,1720.4459391297717
0.79,1966.0781478869903,1720.8812380606707
0.791,1966.669645135564,1721.31775672361
0.792,1967.262811631514,1721.7555072733157
0.793,1967.857664065919,1722.1945020276255
0.794,1968.4542193550535,1722.6347534705703
0.795,1969.0524946446599,1723.0762742555246
0.796,1969.6525073143218,1723.519077208436
0.797,1970.2542749819424,1723.9631753311294
0.798,1970.8578155083296,1724.4085818046904
0.799,1971.4631470018935,1724.8553099929325
0.8,1972.070287823456,1725.3033734459468
0.801,1972.67925659118,1725.7527859037386
0.802,1973.2900721856165,1726.2035612999537
0.803,1973.902753754879,1726.6557137656955
0.804,1974.5173207199443,1727.1092576334377
0.805,1975.1337927800862,1727.5642074410343
0.806,1975.7521899184449,1728.0205779358298
0.807,1976.372532407736,1728.4783840788723
0.808,1976.9948408161054,1728.9376410492341
0.809,1977.6191360131313,1729.3983642484413
0.81,1978.2454391759813,1729.860569305018
0.811,1978.873771795726,1730.3242720791452
0.812,1979.504155683818,1730.789488667442
0.8130000000000001,1980.1366129787361,1731.2562354078698
0.8140000000000001,1980.7711661528072,1731.7245288847664
0.8150000000000001,1981.4078380192022,1732.1943859340088
0.8160000000000001,1982.0466517391224,1732.6658236483163
0.8170000000000001,1982.6876308291708,1733.1388593826916
0.8180000000000001,1983.330799168926,1733.613510760009
0.8190000000000001,1983.976181008714,1734.08979567675
0.8200000000000001,1984.6238009775943,1734.5677323088985
0.8210000000000001,1985.273684091559,1735.0473391179898
0.8220000000000001,1985.92585576196,1735.5286348573306
0.8230000000000001,1986.5803418041623,1736.0116385783851
0.8240000000000001,1987.2371684464415,1736.4963696373409
0.8250000000000001,1987.8963623391246,1736.9828477018555
0.8260000000000001,1988.5579505639882,1737.471092757991
0.8270000000000001,1989.2219606439198,1737.961125117345
0.8280000000000001,1989.8884205528525,1738.4529654243818
0.8290000000000001,1990.5573587259812,1738.9466346639722
0.8300000000000001,1991.2288040702729,1739.4421541691495
0.8310000000000001,1991.9027859752764,1739.9395456290877
0.8320000000000001,1992.579334324248,1740.4388310973109
0.8330000000000001,1993.2584795055986,1740.9400330001426
0.834,1993.9402524246766,1741.4431741454002
0.835,1994.6246845158987,1741.9482777313483
0.836,1995.311807755239,1742.4553673559149
0.837,1996.0016546730926,1742.9644670261844
0.838,1996.694258367522,1743.4756011681745
0.839,1997.3896525179075,1743.9887946369083
0.84,1998.0878713990082,1744.5040727267929
0.841,1998.788949895457,1745.0214611823155
0.842,1999.4929235166983,1745.540986209067
0.843,2000.1998284123893,1746.0626744851095
0.844,2000.9097013882829,1746.586553172696
0.845,2001.6225799226067,1747.112649930359
0.846,2002.33850218296,1747.6409929253796
0.847,2003.057507043747,1748.1716108466537
0.848,2003.7796341041694,1748.7045329179703
0.849,2004.504923706797,1749.239788911715
0.85,2005.2334169567393,1749.7774091630215
0.851,2005.9651557414463,1750.3174245843804
0.852,2006.700182751155,1750.8598666807313
0.853,2007.4385415000154,1751.404767565054
0.854,2008.1802763479209,1751.952159974476
0.855,2008.9254325230677,1752.5020772869238
0.856,2009.6740561452773,1753.0545535383346
0.857,2010.4261942501134,1753.6096234404524
0.858,2011.181894813823,1754.1673223992361
0.859,2011.9412067791377,1754.7276865339
0.86,2012.7041800819725,1755.2907526966164
0.861,2013.4708656790572,1755.8565584929092
0.862,2014.2413155765419,1756.4251423027624
0.863,2015.0155828596182,1756.9965433024815
0.864,2015.7937217231993,1757.5708014873346
0.865,2016.575787503705,1758.1479576950094
0.866,2017.3618367119998,1758.7280536299218
0.867,2018.1519270675371,1759.3111318884123
0.868,2018.9461175337588,1759.8972359848729
0.869,2019.7444683548101,1760.4864103788404
0.87,2020.5470410936293,1761.0787005031068
0.871,2021.3538986714696,1761.6741527928857
0.872,2022.1651054089261,1762.2728147160913
0.873,2022.9807270685315,1762.874734804771
0.874,2023.8008308989974,1763.479962687757
0.875,2024.6254856811743,1764.088549124584
0.876,2025.4547617758171,1764.7005460407386
0.877,2026.2887311732363,1765.3160065643024
0.878,2027.127467544929,1765.934985064055
0.879,2027.9710462972864,1766.5575371891086
0.88,2028.819544627475,1767.1837199101496
0.881,2029.673041581604,1767.8135915623636
0.882,2030.5316181152878,1768.4472118901308
0.883,2031.3953571567256,1769.0846420935784
0.884,2032.2643436724277,1769.7259448770844
0.885,2033.138664735717,1770.3711844998334
0.886,2034.0184095981558,1771.0204268285265
0.887,2034.9036697640447,1771.6737393923618
0.888,2035.7945390681557,1772.3311914404007
0.889,2036.691113756871,1772.992854001447
0.89,2037.5934925729077,1773.6587999465737
0.891,2038.501776843824,1774.3291040544377
0.892,2039.416070574507,1775.0038430795369
0.893,2040.3364805438655,1775.6830958235678
0.894,2041.2631164059574,1776.3669432100558
0.895,2042.1960907957996,1777.0554683624423
0.896,2043.1355194401249,1777.7487566858229
0.897,2044.0815212733678,1778.4468959525414
0.898,2045.0342185591762,1779.1499763918669
0.899,2045.9937370177759,1779.8580907839853
0.9,2046.960205959524,1780.5713345585618
0.901,2047.9337584250234,1781.2898058981425
0.902,2048.9145313321856,1782.0136058466862
0.903,2049.9026656306655,1782.7428384235361
0.904,2050.898306464117,1783.4776107431608
0.905,2051.9016033407506,1784.218033141025
0.906,2052.9127103127094,1784.9642193059692
0.907,2053.9317861648265,1785.716286419506
0.908,2054.9589946133483,1786.4743553024805
0.909,2055.9945045152785,1787.2385505695606
0.91,2057.0384900890253,1788.0090007920744
0.911,2058.091131147099,1788.7858386697371
0.912,2059.1526133416623,1789.5692012118654
0.913,2060.223128423798,1790.359229928714
0.914,2061.302874517429,1791.1560710336257
0.915,2062.3920564088976,1791.9598756567382
0.916,2063.490885853303,1792.7708000710559
0.917,2064.599581898768,1793.5890059317583
0.918,2065.718371229926,1794.4146605296885
0.919,2066.8474885320156,1795.2479370600497
0.92,2067.987176877083,1796.089014907421
0.921,2069.137688133945,1796.9380799483033
0.922,2070.2992834036813,1797.7953248725096
0.923,2071.4722334826092,1798.6609495248354
0.924,2072.6568193548524,1799.5351612685672
0.925,2073.85333271681,1800.4181753725388
0.926,2075.0620765360622,1801.3102154235928
0.927,2076.283365647454,1802.2115137664891
0.928,2077.5175273894015,1803.1223119734877
0.929,2078.7649022837177,1804.0428613460572
0.93,2080.0258447626084,1804.9734234513858
0.931,2081.3007239468325,1805.914270696658
0.932,2082.5899244794296,1806.865686944336
0.933,2083.893847419873,1807.8279681720353
0.934,2085.2129112039956,1808.801423180939
0.935,2086.5475526756177,1809.7863743571288
0.936,2087.89822819642,1810.7831584906598
0.937,2089.2654148413385,1811.7921276577479
0.9380000000000001,2090.6496116875337,1812.8136501720164
0.9390000000000001,2092.0513412059195,1813.8481116114294
0.9400000000000001,2093.471150765236,1814.8959159282808
0.9410000000000001,2094.9096142598223,1815.9574866504743
0.9420000000000001,2096.3673338735603,1817.0332681832938
0.9430000000000001,2097.8449419939466,1818.1237272219703
0.9440000000000001,2099.343103291972,1819.2293542866073
0.9450000000000001,2100.862516985413,1820.3506653924694
0.9460000000000001,2102.4039193053914,1821.4882038702744
0.9470000000000001,2103.9680861886054,1822.6425423530334
0.9480000000000001,2105.555836220585,1823.814284948139
0.9490000000000001,2107.1680338587144,1825.004069615924
0.9500000000000001,2108.8055929677025,1826.2125707788007
0.9510000000000001,2110.469480704734,1827.4405021884588
0.9520000000000001,2112.1607217968185,1828.6886200825063
0.9530000000000001,2113.880403259057,1829.957726666498
0.9540000000000001,2115.6296796097536,1831.2486739626327
0.9550000000000001,2117.4097786467905,1832.5623680726571
0.9560000000000001,2119.2220078596824,1833.8997739098925
0.9570000000000001,2121.0677615635186,1835.2619204640087
0.9580000000000001,2122.9485288550172,1836.6499066725069
0.9590000000000001,2124.865902507572,1838.0649079851698
0.9600000000000001,2126.821588942105,1839.5081837224438
0.961,2128.81741943443,1840.9810853463553
0.962,2130.855362748677,1842.4850657838406
0.963,2132.9375394211784,1844.021689968104
0.964,2135.0662379617065,1845.5926467949578
0.965,2137.2439332908307,1847.199762729395
0.966,2139.4733077959627,1848.8450173447254
0.967,2141.757275467509,1850.5305611348006
0.968,2144.0990096745936,1852.2587360121997
0.969,2146.5019752624494,1854.0320989957627
0.97,2148.969965808023,1855.8534497048295
0.971,2151.5071470661856,1857.7258624220792
0.972,2154.118107889119,1859.6527236714971
0.973,2156.8079202236117,1861.6377764957354
0.974,2159.582210209263,1863.6851729258328
0.975,2162.44724294867,1865.7995365407085
0.976,2165.4100242456616,1867.9860375488925
0.977,2168.478423576721,1870.250483540125
0.978,2171.6613238706004,1872.5994300211164
0.979,2174.968805463059,1875.040316172181
0.98,2178.4123740773452,1877.581633094403
0.981,2182.0052461728155,1880.233134393874
0.982,2185.7627099899537,1883.0061026290682
0.983,2189.7025878615786,1885.9136904915867
0.984,2193.8458360769228,1888.9713634994473
0.985,2198.217334778444,1892.197482932514
0.986,2202.8469454121123,1895.614086219531
0.987,2207.7709529927215,1899.2479513145477
0.988,2213.0340753921405,1903.1320795302245
0.989,2218.6923316001316,1907.3078122837346
0.99,2224.8172536003885,1911.827939416374
0.991,2231.502280308936,1916.7614178519295
0.992,2238.872856795953,1922.2008247147048
0.993,2247.1031738377287,1928.27471094039
0.994,2256.445627937307,1935.169342457195
0.995,2267.286804969104,1943.1700155186838
0.996,2280.2653261455853,1952.7480257707145
0.997,2296.558433680883,1964.7721654156317
0.998,2318.7532525006623,1981.1517050648051
0.999,2354.8543036283177,2007.793895889779
